<?xml version="1.0" encoding="UTF-8"?>
<ivy-module version="2.0" xmlns:m="http://ant.apache.org/ivy/maven">
  <info organisation="io.habit.analytics" module="analytics" revision="0.0.1" status="integration" publication="20190725155106"/>
  <configurations>
    <conf name="_internal_aapt2_binary" visibility="private" transitive="false"/>
    <conf name="androidApis" visibility="public"/>
    <conf name="androidTestAnnotationProcessor" visibility="private"/>
    <conf name="androidTestApi" visibility="private" extends="androidTestCompile"/>
    <conf name="androidTestApiDependenciesMetadata" visibility="private" extends="androidTestApi"/>
    <conf name="androidTestCompile" visibility="private"/>
    <conf name="androidTestCompileOnly" visibility="private" extends="androidTestProvided"/>
    <conf name="androidTestCompileOnlyDependenciesMetadata" visibility="private" extends="androidTestCompileOnly"/>
    <conf name="androidTestDebugAnnotationProcessor" visibility="private"/>
    <conf name="androidTestDebugApi" visibility="private" extends="androidTestDebugCompile"/>
    <conf name="androidTestDebugApiDependenciesMetadata" visibility="private" extends="androidTestDebugApi"/>
    <conf name="androidTestDebugCompile" visibility="private"/>
    <conf name="androidTestDebugCompileOnly" visibility="private" extends="androidTestDebugProvided"/>
    <conf name="androidTestDebugCompileOnlyDependenciesMetadata" visibility="private" extends="androidTestDebugCompileOnly"/>
    <conf name="androidTestDebugImplementation" visibility="private" extends="androidTestDebugApi"/>
    <conf name="androidTestDebugImplementationDependenciesMetadata" visibility="private" extends="androidTestDebugImplementation"/>
    <conf name="androidTestDebugProvided" visibility="private"/>
    <conf name="androidTestDebugPublish" visibility="private"/>
    <conf name="androidTestDebugRuntimeOnly" visibility="private" extends="androidTestDebugPublish"/>
    <conf name="androidTestDebugRuntimeOnlyDependenciesMetadata" visibility="private" extends="androidTestDebugRuntimeOnly"/>
    <conf name="androidTestDebugWearApp" visibility="private"/>
    <conf name="androidTestImplementation" visibility="private" extends="androidTestApi"/>
    <conf name="androidTestImplementationDependenciesMetadata" visibility="private" extends="androidTestImplementation"/>
    <conf name="androidTestProvided" visibility="private"/>
    <conf name="androidTestPublish" visibility="private"/>
    <conf name="androidTestRuntimeOnly" visibility="private" extends="androidTestPublish"/>
    <conf name="androidTestRuntimeOnlyDependenciesMetadata" visibility="private" extends="androidTestRuntimeOnly"/>
    <conf name="androidTestUtil" visibility="private"/>
    <conf name="androidTestWearApp" visibility="private"/>
    <conf name="annotationProcessor" visibility="private"/>
    <conf name="api" visibility="private" extends="compile"/>
    <conf name="apiDependenciesMetadata" visibility="private" extends="api"/>
    <conf name="archives" visibility="public" extends="releaseRuntimeClasspath"/>
    <conf name="compile" visibility="private"/>
    <conf name="compileOnly" visibility="private" extends="provided"/>
    <conf name="compileOnlyDependenciesMetadata" visibility="private" extends="compileOnly"/>
    <conf name="debugAndroidTestAnnotationProcessorClasspath" visibility="private" extends="androidTestAnnotationProcessor,androidTestDebugAnnotationProcessor"/>
    <conf name="debugAndroidTestApi" visibility="private" extends="androidTestApi,androidTestDebugApi,debugAndroidTestCompile"/>
    <conf name="debugAndroidTestApiDependenciesMetadata" visibility="private" extends="debugAndroidTestApi"/>
    <conf name="debugAndroidTestCompile" visibility="private"/>
    <conf name="debugAndroidTestCompileClasspath" visibility="private" extends="androidTestCompileOnly,androidTestDebugCompileOnly,androidTestDebugImplementation,androidTestImplementation,debugAndroidTestCompileOnly,debugAndroidTestImplementation,debugImplementation,implementation"/>
    <conf name="debugAndroidTestCompileOnly" visibility="private" extends="androidTestCompileOnly,androidTestDebugCompileOnly"/>
    <conf name="debugAndroidTestCompileOnlyDependenciesMetadata" visibility="private" extends="debugAndroidTestCompileOnly"/>
    <conf name="debugAndroidTestImplementation" visibility="private" extends="androidTestDebugImplementation,androidTestImplementation,debugAndroidTestApi,debugAndroidTestCompile"/>
    <conf name="debugAndroidTestImplementationDependenciesMetadata" visibility="private" extends="debugAndroidTestImplementation"/>
    <conf name="debugAndroidTestRuntime" visibility="private" extends="debugAndroidTestCompile"/>
    <conf name="debugAndroidTestRuntimeClasspath" visibility="private" extends="androidTestDebugImplementation,androidTestDebugRuntimeOnly,androidTestImplementation,androidTestRuntimeOnly,debugAndroidTestImplementation,debugAndroidTestRuntime,debugAndroidTestRuntimeOnly,debugImplementation,debugRuntimeOnly,implementation,runtimeOnly"/>
    <conf name="debugAndroidTestRuntimeOnly" visibility="private" extends="androidTestDebugRuntimeOnly,androidTestRuntimeOnly"/>
    <conf name="debugAndroidTestRuntimeOnlyDependenciesMetadata" visibility="private" extends="debugAndroidTestRuntimeOnly"/>
    <conf name="debugAnnotationProcessor" visibility="private"/>
    <conf name="debugAnnotationProcessorClasspath" visibility="private" extends="annotationProcessor,debugAnnotationProcessor"/>
    <conf name="debugApi" visibility="private" extends="api,debugCompile"/>
    <conf name="debugApiDependenciesMetadata" visibility="private" extends="debugApi"/>
    <conf name="debugApiElements" visibility="public" extends="api,debugApi"/>
    <conf name="debugCompile" visibility="private"/>
    <conf name="debugCompileClasspath" visibility="private" extends="compileOnly,debugCompileOnly,debugImplementation,implementation"/>
    <conf name="debugCompileOnly" visibility="private" extends="compileOnly,debugProvided"/>
    <conf name="debugCompileOnlyDependenciesMetadata" visibility="private" extends="debugCompileOnly"/>
    <conf name="debugImplementation" visibility="private" extends="debugApi,debugCompile,implementation"/>
    <conf name="debugImplementationDependenciesMetadata" visibility="private" extends="debugImplementation"/>
    <conf name="debugProvided" visibility="private"/>
    <conf name="debugPublish" visibility="private"/>
    <conf name="debugRuntime" visibility="private" extends="debugCompile"/>
    <conf name="debugRuntimeClasspath" visibility="private" extends="debugImplementation,debugRuntime,debugRuntimeOnly,implementation,runtimeOnly"/>
    <conf name="debugRuntimeElements" visibility="public" extends="debugImplementation,debugRuntimeClasspath,debugRuntimeOnly"/>
    <conf name="debugRuntimeOnly" visibility="private" extends="debugPublish,runtimeOnly"/>
    <conf name="debugRuntimeOnlyDependenciesMetadata" visibility="private" extends="debugRuntimeOnly"/>
    <conf name="debugUnitTestAnnotationProcessorClasspath" visibility="private" extends="testAnnotationProcessor,testDebugAnnotationProcessor"/>
    <conf name="debugUnitTestApi" visibility="private" extends="debugUnitTestCompile,testApi,testDebugApi"/>
    <conf name="debugUnitTestApiDependenciesMetadata" visibility="private" extends="debugUnitTestApi"/>
    <conf name="debugUnitTestCompile" visibility="private"/>
    <conf name="debugUnitTestCompileClasspath" visibility="private" extends="debugImplementation,debugUnitTestCompileOnly,debugUnitTestImplementation,implementation,testCompileOnly,testDebugCompileOnly,testDebugImplementation,testImplementation"/>
    <conf name="debugUnitTestCompileOnly" visibility="private" extends="testCompileOnly,testDebugCompileOnly"/>
    <conf name="debugUnitTestCompileOnlyDependenciesMetadata" visibility="private" extends="debugUnitTestCompileOnly"/>
    <conf name="debugUnitTestImplementation" visibility="private" extends="debugUnitTestApi,debugUnitTestCompile,testDebugImplementation,testImplementation"/>
    <conf name="debugUnitTestImplementationDependenciesMetadata" visibility="private" extends="debugUnitTestImplementation"/>
    <conf name="debugUnitTestRuntime" visibility="private" extends="debugUnitTestCompile"/>
    <conf name="debugUnitTestRuntimeClasspath" visibility="private" extends="debugImplementation,debugRuntimeOnly,debugUnitTestImplementation,debugUnitTestRuntime,debugUnitTestRuntimeOnly,implementation,runtimeOnly,testDebugImplementation,testDebugRuntimeOnly,testImplementation,testRuntimeOnly"/>
    <conf name="debugUnitTestRuntimeOnly" visibility="private" extends="testDebugRuntimeOnly,testRuntimeOnly"/>
    <conf name="debugUnitTestRuntimeOnlyDependenciesMetadata" visibility="private" extends="debugUnitTestRuntimeOnly"/>
    <conf name="debugWearApp" visibility="private"/>
    <conf name="default" visibility="public"/>
    <conf name="implementation" visibility="private" extends="api"/>
    <conf name="implementationDependenciesMetadata" visibility="private" extends="implementation"/>
    <conf name="integrationsAnnotationProcessor" visibility="private"/>
    <conf name="integrationsAnnotationProcessorClasspath" visibility="private" extends="annotationProcessor,integrationsAnnotationProcessor"/>
    <conf name="integrationsApi" visibility="private" extends="api,integrationsCompile"/>
    <conf name="integrationsApiDependenciesMetadata" visibility="private" extends="integrationsApi"/>
    <conf name="integrationsApiElements" visibility="public" extends="api,integrationsApi"/>
    <conf name="integrationsCompile" visibility="private"/>
    <conf name="integrationsCompileClasspath" visibility="private" extends="compileOnly,implementation,integrationsCompileOnly,integrationsImplementation"/>
    <conf name="integrationsCompileOnly" visibility="private" extends="compileOnly,integrationsProvided"/>
    <conf name="integrationsCompileOnlyDependenciesMetadata" visibility="private" extends="integrationsCompileOnly"/>
    <conf name="integrationsImplementation" visibility="private" extends="implementation,integrationsApi,integrationsCompile"/>
    <conf name="integrationsImplementationDependenciesMetadata" visibility="private" extends="integrationsImplementation"/>
    <conf name="integrationsProvided" visibility="private"/>
    <conf name="integrationsPublish" visibility="private"/>
    <conf name="integrationsRuntime" visibility="private" extends="integrationsCompile"/>
    <conf name="integrationsRuntimeClasspath" visibility="private" extends="implementation,integrationsImplementation,integrationsRuntime,integrationsRuntimeOnly,runtimeOnly"/>
    <conf name="integrationsRuntimeElements" visibility="public" extends="integrationsImplementation,integrationsRuntimeClasspath,integrationsRuntimeOnly"/>
    <conf name="integrationsRuntimeOnly" visibility="private" extends="integrationsPublish,runtimeOnly"/>
    <conf name="integrationsRuntimeOnlyDependenciesMetadata" visibility="private" extends="integrationsRuntimeOnly"/>
    <conf name="integrationsUnitTestAnnotationProcessorClasspath" visibility="private" extends="testAnnotationProcessor,testIntegrationsAnnotationProcessor"/>
    <conf name="integrationsUnitTestApi" visibility="private" extends="integrationsUnitTestCompile,testApi,testIntegrationsApi"/>
    <conf name="integrationsUnitTestApiDependenciesMetadata" visibility="private" extends="integrationsUnitTestApi"/>
    <conf name="integrationsUnitTestCompile" visibility="private"/>
    <conf name="integrationsUnitTestCompileClasspath" visibility="private" extends="implementation,integrationsImplementation,integrationsUnitTestCompileOnly,integrationsUnitTestImplementation,testCompileOnly,testImplementation,testIntegrationsCompileOnly,testIntegrationsImplementation"/>
    <conf name="integrationsUnitTestCompileOnly" visibility="private" extends="testCompileOnly,testIntegrationsCompileOnly"/>
    <conf name="integrationsUnitTestCompileOnlyDependenciesMetadata" visibility="private" extends="integrationsUnitTestCompileOnly"/>
    <conf name="integrationsUnitTestImplementation" visibility="private" extends="integrationsUnitTestApi,integrationsUnitTestCompile,testImplementation,testIntegrationsImplementation"/>
    <conf name="integrationsUnitTestImplementationDependenciesMetadata" visibility="private" extends="integrationsUnitTestImplementation"/>
    <conf name="integrationsUnitTestRuntime" visibility="private" extends="integrationsUnitTestCompile"/>
    <conf name="integrationsUnitTestRuntimeClasspath" visibility="private" extends="implementation,integrationsImplementation,integrationsRuntimeOnly,integrationsUnitTestImplementation,integrationsUnitTestRuntime,integrationsUnitTestRuntimeOnly,runtimeOnly,testImplementation,testIntegrationsImplementation,testIntegrationsRuntimeOnly,testRuntimeOnly"/>
    <conf name="integrationsUnitTestRuntimeOnly" visibility="private" extends="testIntegrationsRuntimeOnly,testRuntimeOnly"/>
    <conf name="integrationsUnitTestRuntimeOnlyDependenciesMetadata" visibility="private" extends="integrationsUnitTestRuntimeOnly"/>
    <conf name="integrationsWearApp" visibility="private"/>
    <conf name="kapt" visibility="public"/>
    <conf name="kaptAndroidTest" visibility="public" extends="kapt"/>
    <conf name="kaptAndroidTestDebug" visibility="public" extends="kapt"/>
    <conf name="kaptDebug" visibility="public" extends="kapt"/>
    <conf name="kaptIntegrations" visibility="public" extends="kapt"/>
    <conf name="kaptProduction" visibility="public" extends="kapt"/>
    <conf name="kaptQa" visibility="public" extends="kapt"/>
    <conf name="kaptRelease" visibility="public" extends="kapt"/>
    <conf name="kaptStaging" visibility="public" extends="kapt"/>
    <conf name="kaptTest" visibility="public" extends="kapt"/>
    <conf name="kaptTestDebug" visibility="public" extends="kapt"/>
    <conf name="kaptTestIntegrations" visibility="public" extends="kapt"/>
    <conf name="kaptTestProduction" visibility="public" extends="kapt"/>
    <conf name="kaptTestQa" visibility="public" extends="kapt"/>
    <conf name="kaptTestRelease" visibility="public" extends="kapt"/>
    <conf name="kaptTestStaging" visibility="public" extends="kapt"/>
    <conf name="kotlinCompilerClasspath" visibility="public"/>
    <conf name="kotlinCompilerPluginClasspath" visibility="public" transitive="false"/>
    <conf name="kotlinKaptWorkerDependencies" visibility="public"/>
    <conf name="kotlinNativeCompilerPluginClasspath" visibility="public" transitive="false"/>
    <conf name="lintChecks" visibility="private"/>
    <conf name="lintClassPath" visibility="private"/>
    <conf name="productionAnnotationProcessor" visibility="private"/>
    <conf name="productionAnnotationProcessorClasspath" visibility="private" extends="annotationProcessor,productionAnnotationProcessor"/>
    <conf name="productionApi" visibility="private" extends="api,productionCompile"/>
    <conf name="productionApiDependenciesMetadata" visibility="private" extends="productionApi"/>
    <conf name="productionApiElements" visibility="public" extends="api,productionApi"/>
    <conf name="productionCompile" visibility="private"/>
    <conf name="productionCompileClasspath" visibility="private" extends="compileOnly,implementation,productionCompileOnly,productionImplementation"/>
    <conf name="productionCompileOnly" visibility="private" extends="compileOnly,productionProvided"/>
    <conf name="productionCompileOnlyDependenciesMetadata" visibility="private" extends="productionCompileOnly"/>
    <conf name="productionImplementation" visibility="private" extends="implementation,productionApi,productionCompile"/>
    <conf name="productionImplementationDependenciesMetadata" visibility="private" extends="productionImplementation"/>
    <conf name="productionProvided" visibility="private"/>
    <conf name="productionPublish" visibility="private"/>
    <conf name="productionRuntime" visibility="private" extends="productionCompile"/>
    <conf name="productionRuntimeClasspath" visibility="private" extends="implementation,productionImplementation,productionRuntime,productionRuntimeOnly,runtimeOnly"/>
    <conf name="productionRuntimeElements" visibility="public" extends="productionImplementation,productionRuntimeClasspath,productionRuntimeOnly"/>
    <conf name="productionRuntimeOnly" visibility="private" extends="productionPublish,runtimeOnly"/>
    <conf name="productionRuntimeOnlyDependenciesMetadata" visibility="private" extends="productionRuntimeOnly"/>
    <conf name="productionUnitTestAnnotationProcessorClasspath" visibility="private" extends="testAnnotationProcessor,testProductionAnnotationProcessor"/>
    <conf name="productionUnitTestApi" visibility="private" extends="productionUnitTestCompile,testApi,testProductionApi"/>
    <conf name="productionUnitTestApiDependenciesMetadata" visibility="private" extends="productionUnitTestApi"/>
    <conf name="productionUnitTestCompile" visibility="private"/>
    <conf name="productionUnitTestCompileClasspath" visibility="private" extends="implementation,productionImplementation,productionUnitTestCompileOnly,productionUnitTestImplementation,testCompileOnly,testImplementation,testProductionCompileOnly,testProductionImplementation"/>
    <conf name="productionUnitTestCompileOnly" visibility="private" extends="testCompileOnly,testProductionCompileOnly"/>
    <conf name="productionUnitTestCompileOnlyDependenciesMetadata" visibility="private" extends="productionUnitTestCompileOnly"/>
    <conf name="productionUnitTestImplementation" visibility="private" extends="productionUnitTestApi,productionUnitTestCompile,testImplementation,testProductionImplementation"/>
    <conf name="productionUnitTestImplementationDependenciesMetadata" visibility="private" extends="productionUnitTestImplementation"/>
    <conf name="productionUnitTestRuntime" visibility="private" extends="productionUnitTestCompile"/>
    <conf name="productionUnitTestRuntimeClasspath" visibility="private" extends="implementation,productionImplementation,productionRuntimeOnly,productionUnitTestImplementation,productionUnitTestRuntime,productionUnitTestRuntimeOnly,runtimeOnly,testImplementation,testProductionImplementation,testProductionRuntimeOnly,testRuntimeOnly"/>
    <conf name="productionUnitTestRuntimeOnly" visibility="private" extends="testProductionRuntimeOnly,testRuntimeOnly"/>
    <conf name="productionUnitTestRuntimeOnlyDependenciesMetadata" visibility="private" extends="productionUnitTestRuntimeOnly"/>
    <conf name="productionWearApp" visibility="private"/>
    <conf name="provided" visibility="private"/>
    <conf name="publish" visibility="private"/>
    <conf name="qaAnnotationProcessor" visibility="private"/>
    <conf name="qaAnnotationProcessorClasspath" visibility="private" extends="annotationProcessor,qaAnnotationProcessor"/>
    <conf name="qaApi" visibility="private" extends="api,qaCompile"/>
    <conf name="qaApiDependenciesMetadata" visibility="private" extends="qaApi"/>
    <conf name="qaApiElements" visibility="public" extends="api,qaApi"/>
    <conf name="qaCompile" visibility="private"/>
    <conf name="qaCompileClasspath" visibility="private" extends="compileOnly,implementation,qaCompileOnly,qaImplementation"/>
    <conf name="qaCompileOnly" visibility="private" extends="compileOnly,qaProvided"/>
    <conf name="qaCompileOnlyDependenciesMetadata" visibility="private" extends="qaCompileOnly"/>
    <conf name="qaImplementation" visibility="private" extends="implementation,qaApi,qaCompile"/>
    <conf name="qaImplementationDependenciesMetadata" visibility="private" extends="qaImplementation"/>
    <conf name="qaProvided" visibility="private"/>
    <conf name="qaPublish" visibility="private"/>
    <conf name="qaRuntime" visibility="private" extends="qaCompile"/>
    <conf name="qaRuntimeClasspath" visibility="private" extends="implementation,qaImplementation,qaRuntime,qaRuntimeOnly,runtimeOnly"/>
    <conf name="qaRuntimeElements" visibility="public" extends="qaImplementation,qaRuntimeClasspath,qaRuntimeOnly"/>
    <conf name="qaRuntimeOnly" visibility="private" extends="qaPublish,runtimeOnly"/>
    <conf name="qaRuntimeOnlyDependenciesMetadata" visibility="private" extends="qaRuntimeOnly"/>
    <conf name="qaUnitTestAnnotationProcessorClasspath" visibility="private" extends="testAnnotationProcessor,testQaAnnotationProcessor"/>
    <conf name="qaUnitTestApi" visibility="private" extends="qaUnitTestCompile,testApi,testQaApi"/>
    <conf name="qaUnitTestApiDependenciesMetadata" visibility="private" extends="qaUnitTestApi"/>
    <conf name="qaUnitTestCompile" visibility="private"/>
    <conf name="qaUnitTestCompileClasspath" visibility="private" extends="implementation,qaImplementation,qaUnitTestCompileOnly,qaUnitTestImplementation,testCompileOnly,testImplementation,testQaCompileOnly,testQaImplementation"/>
    <conf name="qaUnitTestCompileOnly" visibility="private" extends="testCompileOnly,testQaCompileOnly"/>
    <conf name="qaUnitTestCompileOnlyDependenciesMetadata" visibility="private" extends="qaUnitTestCompileOnly"/>
    <conf name="qaUnitTestImplementation" visibility="private" extends="qaUnitTestApi,qaUnitTestCompile,testImplementation,testQaImplementation"/>
    <conf name="qaUnitTestImplementationDependenciesMetadata" visibility="private" extends="qaUnitTestImplementation"/>
    <conf name="qaUnitTestRuntime" visibility="private" extends="qaUnitTestCompile"/>
    <conf name="qaUnitTestRuntimeClasspath" visibility="private" extends="implementation,qaImplementation,qaRuntimeOnly,qaUnitTestImplementation,qaUnitTestRuntime,qaUnitTestRuntimeOnly,runtimeOnly,testImplementation,testQaImplementation,testQaRuntimeOnly,testRuntimeOnly"/>
    <conf name="qaUnitTestRuntimeOnly" visibility="private" extends="testQaRuntimeOnly,testRuntimeOnly"/>
    <conf name="qaUnitTestRuntimeOnlyDependenciesMetadata" visibility="private" extends="qaUnitTestRuntimeOnly"/>
    <conf name="qaWearApp" visibility="private"/>
    <conf name="releaseAnnotationProcessor" visibility="private"/>
    <conf name="releaseAnnotationProcessorClasspath" visibility="private" extends="annotationProcessor,releaseAnnotationProcessor"/>
    <conf name="releaseApi" visibility="private" extends="api,releaseCompile"/>
    <conf name="releaseApiDependenciesMetadata" visibility="private" extends="releaseApi"/>
    <conf name="releaseApiElements" visibility="public" extends="api,releaseApi"/>
    <conf name="releaseCompile" visibility="private"/>
    <conf name="releaseCompileClasspath" visibility="private" extends="compileOnly,implementation,releaseCompileOnly,releaseImplementation"/>
    <conf name="releaseCompileOnly" visibility="private" extends="compileOnly,releaseProvided"/>
    <conf name="releaseCompileOnlyDependenciesMetadata" visibility="private" extends="releaseCompileOnly"/>
    <conf name="releaseImplementation" visibility="private" extends="implementation,releaseApi,releaseCompile"/>
    <conf name="releaseImplementationDependenciesMetadata" visibility="private" extends="releaseImplementation"/>
    <conf name="releaseProvided" visibility="private"/>
    <conf name="releasePublish" visibility="private"/>
    <conf name="releaseRuntime" visibility="private" extends="releaseCompile"/>
    <conf name="releaseRuntimeClasspath" visibility="private" extends="implementation,releaseImplementation,releaseRuntime,releaseRuntimeOnly,runtimeOnly"/>
    <conf name="releaseRuntimeElements" visibility="public" extends="releaseImplementation,releaseRuntimeClasspath,releaseRuntimeOnly"/>
    <conf name="releaseRuntimeOnly" visibility="private" extends="releasePublish,runtimeOnly"/>
    <conf name="releaseRuntimeOnlyDependenciesMetadata" visibility="private" extends="releaseRuntimeOnly"/>
    <conf name="releaseUnitTestAnnotationProcessorClasspath" visibility="private" extends="testAnnotationProcessor,testReleaseAnnotationProcessor"/>
    <conf name="releaseUnitTestApi" visibility="private" extends="releaseUnitTestCompile,testApi,testReleaseApi"/>
    <conf name="releaseUnitTestApiDependenciesMetadata" visibility="private" extends="releaseUnitTestApi"/>
    <conf name="releaseUnitTestCompile" visibility="private"/>
    <conf name="releaseUnitTestCompileClasspath" visibility="private" extends="implementation,releaseImplementation,releaseUnitTestCompileOnly,releaseUnitTestImplementation,testCompileOnly,testImplementation,testReleaseCompileOnly,testReleaseImplementation"/>
    <conf name="releaseUnitTestCompileOnly" visibility="private" extends="testCompileOnly,testReleaseCompileOnly"/>
    <conf name="releaseUnitTestCompileOnlyDependenciesMetadata" visibility="private" extends="releaseUnitTestCompileOnly"/>
    <conf name="releaseUnitTestImplementation" visibility="private" extends="releaseUnitTestApi,releaseUnitTestCompile,testImplementation,testReleaseImplementation"/>
    <conf name="releaseUnitTestImplementationDependenciesMetadata" visibility="private" extends="releaseUnitTestImplementation"/>
    <conf name="releaseUnitTestRuntime" visibility="private" extends="releaseUnitTestCompile"/>
    <conf name="releaseUnitTestRuntimeClasspath" visibility="private" extends="implementation,releaseImplementation,releaseRuntimeOnly,releaseUnitTestImplementation,releaseUnitTestRuntime,releaseUnitTestRuntimeOnly,runtimeOnly,testImplementation,testReleaseImplementation,testReleaseRuntimeOnly,testRuntimeOnly"/>
    <conf name="releaseUnitTestRuntimeOnly" visibility="private" extends="testReleaseRuntimeOnly,testRuntimeOnly"/>
    <conf name="releaseUnitTestRuntimeOnlyDependenciesMetadata" visibility="private" extends="releaseUnitTestRuntimeOnly"/>
    <conf name="releaseWearApp" visibility="private"/>
    <conf name="runtimeOnly" visibility="private" extends="publish"/>
    <conf name="runtimeOnlyDependenciesMetadata" visibility="private" extends="runtimeOnly"/>
    <conf name="stagingAnnotationProcessor" visibility="private"/>
    <conf name="stagingAnnotationProcessorClasspath" visibility="private" extends="annotationProcessor,stagingAnnotationProcessor"/>
    <conf name="stagingApi" visibility="private" extends="api,stagingCompile"/>
    <conf name="stagingApiDependenciesMetadata" visibility="private" extends="stagingApi"/>
    <conf name="stagingApiElements" visibility="public" extends="api,stagingApi"/>
    <conf name="stagingCompile" visibility="private"/>
    <conf name="stagingCompileClasspath" visibility="private" extends="compileOnly,implementation,stagingCompileOnly,stagingImplementation"/>
    <conf name="stagingCompileOnly" visibility="private" extends="compileOnly,stagingProvided"/>
    <conf name="stagingCompileOnlyDependenciesMetadata" visibility="private" extends="stagingCompileOnly"/>
    <conf name="stagingImplementation" visibility="private" extends="implementation,stagingApi,stagingCompile"/>
    <conf name="stagingImplementationDependenciesMetadata" visibility="private" extends="stagingImplementation"/>
    <conf name="stagingProvided" visibility="private"/>
    <conf name="stagingPublish" visibility="private"/>
    <conf name="stagingRuntime" visibility="private" extends="stagingCompile"/>
    <conf name="stagingRuntimeClasspath" visibility="private" extends="implementation,runtimeOnly,stagingImplementation,stagingRuntime,stagingRuntimeOnly"/>
    <conf name="stagingRuntimeElements" visibility="public" extends="stagingImplementation,stagingRuntimeClasspath,stagingRuntimeOnly"/>
    <conf name="stagingRuntimeOnly" visibility="private" extends="runtimeOnly,stagingPublish"/>
    <conf name="stagingRuntimeOnlyDependenciesMetadata" visibility="private" extends="stagingRuntimeOnly"/>
    <conf name="stagingUnitTestAnnotationProcessorClasspath" visibility="private" extends="testAnnotationProcessor,testStagingAnnotationProcessor"/>
    <conf name="stagingUnitTestApi" visibility="private" extends="stagingUnitTestCompile,testApi,testStagingApi"/>
    <conf name="stagingUnitTestApiDependenciesMetadata" visibility="private" extends="stagingUnitTestApi"/>
    <conf name="stagingUnitTestCompile" visibility="private"/>
    <conf name="stagingUnitTestCompileClasspath" visibility="private" extends="implementation,stagingImplementation,stagingUnitTestCompileOnly,stagingUnitTestImplementation,testCompileOnly,testImplementation,testStagingCompileOnly,testStagingImplementation"/>
    <conf name="stagingUnitTestCompileOnly" visibility="private" extends="testCompileOnly,testStagingCompileOnly"/>
    <conf name="stagingUnitTestCompileOnlyDependenciesMetadata" visibility="private" extends="stagingUnitTestCompileOnly"/>
    <conf name="stagingUnitTestImplementation" visibility="private" extends="stagingUnitTestApi,stagingUnitTestCompile,testImplementation,testStagingImplementation"/>
    <conf name="stagingUnitTestImplementationDependenciesMetadata" visibility="private" extends="stagingUnitTestImplementation"/>
    <conf name="stagingUnitTestRuntime" visibility="private" extends="stagingUnitTestCompile"/>
    <conf name="stagingUnitTestRuntimeClasspath" visibility="private" extends="implementation,runtimeOnly,stagingImplementation,stagingRuntimeOnly,stagingUnitTestImplementation,stagingUnitTestRuntime,stagingUnitTestRuntimeOnly,testImplementation,testRuntimeOnly,testStagingImplementation,testStagingRuntimeOnly"/>
    <conf name="stagingUnitTestRuntimeOnly" visibility="private" extends="testRuntimeOnly,testStagingRuntimeOnly"/>
    <conf name="stagingUnitTestRuntimeOnlyDependenciesMetadata" visibility="private" extends="stagingUnitTestRuntimeOnly"/>
    <conf name="stagingWearApp" visibility="private"/>
    <conf name="testAnnotationProcessor" visibility="private"/>
    <conf name="testApi" visibility="private" extends="testCompile"/>
    <conf name="testApiDependenciesMetadata" visibility="private" extends="testApi"/>
    <conf name="testCompile" visibility="private"/>
    <conf name="testCompileOnly" visibility="private" extends="testProvided"/>
    <conf name="testCompileOnlyDependenciesMetadata" visibility="private" extends="testCompileOnly"/>
    <conf name="testDebugAnnotationProcessor" visibility="private"/>
    <conf name="testDebugApi" visibility="private" extends="testDebugCompile"/>
    <conf name="testDebugApiDependenciesMetadata" visibility="private" extends="testDebugApi"/>
    <conf name="testDebugCompile" visibility="private"/>
    <conf name="testDebugCompileOnly" visibility="private" extends="testDebugProvided"/>
    <conf name="testDebugCompileOnlyDependenciesMetadata" visibility="private" extends="testDebugCompileOnly"/>
    <conf name="testDebugImplementation" visibility="private" extends="testDebugApi"/>
    <conf name="testDebugImplementationDependenciesMetadata" visibility="private" extends="testDebugImplementation"/>
    <conf name="testDebugProvided" visibility="private"/>
    <conf name="testDebugPublish" visibility="private"/>
    <conf name="testDebugRuntimeOnly" visibility="private" extends="testDebugPublish"/>
    <conf name="testDebugRuntimeOnlyDependenciesMetadata" visibility="private" extends="testDebugRuntimeOnly"/>
    <conf name="testDebugWearApp" visibility="private"/>
    <conf name="testImplementation" visibility="private" extends="testApi"/>
    <conf name="testImplementationDependenciesMetadata" visibility="private" extends="testImplementation"/>
    <conf name="testIntegrationsAnnotationProcessor" visibility="private"/>
    <conf name="testIntegrationsApi" visibility="private" extends="testIntegrationsCompile"/>
    <conf name="testIntegrationsApiDependenciesMetadata" visibility="private" extends="testIntegrationsApi"/>
    <conf name="testIntegrationsCompile" visibility="private"/>
    <conf name="testIntegrationsCompileOnly" visibility="private" extends="testIntegrationsProvided"/>
    <conf name="testIntegrationsCompileOnlyDependenciesMetadata" visibility="private" extends="testIntegrationsCompileOnly"/>
    <conf name="testIntegrationsImplementation" visibility="private" extends="testIntegrationsApi"/>
    <conf name="testIntegrationsImplementationDependenciesMetadata" visibility="private" extends="testIntegrationsImplementation"/>
    <conf name="testIntegrationsProvided" visibility="private"/>
    <conf name="testIntegrationsPublish" visibility="private"/>
    <conf name="testIntegrationsRuntimeOnly" visibility="private" extends="testIntegrationsPublish"/>
    <conf name="testIntegrationsRuntimeOnlyDependenciesMetadata" visibility="private" extends="testIntegrationsRuntimeOnly"/>
    <conf name="testIntegrationsWearApp" visibility="private"/>
    <conf name="testProductionAnnotationProcessor" visibility="private"/>
    <conf name="testProductionApi" visibility="private" extends="testProductionCompile"/>
    <conf name="testProductionApiDependenciesMetadata" visibility="private" extends="testProductionApi"/>
    <conf name="testProductionCompile" visibility="private"/>
    <conf name="testProductionCompileOnly" visibility="private" extends="testProductionProvided"/>
    <conf name="testProductionCompileOnlyDependenciesMetadata" visibility="private" extends="testProductionCompileOnly"/>
    <conf name="testProductionImplementation" visibility="private" extends="testProductionApi"/>
    <conf name="testProductionImplementationDependenciesMetadata" visibility="private" extends="testProductionImplementation"/>
    <conf name="testProductionProvided" visibility="private"/>
    <conf name="testProductionPublish" visibility="private"/>
    <conf name="testProductionRuntimeOnly" visibility="private" extends="testProductionPublish"/>
    <conf name="testProductionRuntimeOnlyDependenciesMetadata" visibility="private" extends="testProductionRuntimeOnly"/>
    <conf name="testProductionWearApp" visibility="private"/>
    <conf name="testProvided" visibility="private"/>
    <conf name="testPublish" visibility="private"/>
    <conf name="testQaAnnotationProcessor" visibility="private"/>
    <conf name="testQaApi" visibility="private" extends="testQaCompile"/>
    <conf name="testQaApiDependenciesMetadata" visibility="private" extends="testQaApi"/>
    <conf name="testQaCompile" visibility="private"/>
    <conf name="testQaCompileOnly" visibility="private" extends="testQaProvided"/>
    <conf name="testQaCompileOnlyDependenciesMetadata" visibility="private" extends="testQaCompileOnly"/>
    <conf name="testQaImplementation" visibility="private" extends="testQaApi"/>
    <conf name="testQaImplementationDependenciesMetadata" visibility="private" extends="testQaImplementation"/>
    <conf name="testQaProvided" visibility="private"/>
    <conf name="testQaPublish" visibility="private"/>
    <conf name="testQaRuntimeOnly" visibility="private" extends="testQaPublish"/>
    <conf name="testQaRuntimeOnlyDependenciesMetadata" visibility="private" extends="testQaRuntimeOnly"/>
    <conf name="testQaWearApp" visibility="private"/>
    <conf name="testReleaseAnnotationProcessor" visibility="private"/>
    <conf name="testReleaseApi" visibility="private" extends="testReleaseCompile"/>
    <conf name="testReleaseApiDependenciesMetadata" visibility="private" extends="testReleaseApi"/>
    <conf name="testReleaseCompile" visibility="private"/>
    <conf name="testReleaseCompileOnly" visibility="private" extends="testReleaseProvided"/>
    <conf name="testReleaseCompileOnlyDependenciesMetadata" visibility="private" extends="testReleaseCompileOnly"/>
    <conf name="testReleaseImplementation" visibility="private" extends="testReleaseApi"/>
    <conf name="testReleaseImplementationDependenciesMetadata" visibility="private" extends="testReleaseImplementation"/>
    <conf name="testReleaseProvided" visibility="private"/>
    <conf name="testReleasePublish" visibility="private"/>
    <conf name="testReleaseRuntimeOnly" visibility="private" extends="testReleasePublish"/>
    <conf name="testReleaseRuntimeOnlyDependenciesMetadata" visibility="private" extends="testReleaseRuntimeOnly"/>
    <conf name="testReleaseWearApp" visibility="private"/>
    <conf name="testRuntimeOnly" visibility="private" extends="testPublish"/>
    <conf name="testRuntimeOnlyDependenciesMetadata" visibility="private" extends="testRuntimeOnly"/>
    <conf name="testStagingAnnotationProcessor" visibility="private"/>
    <conf name="testStagingApi" visibility="private" extends="testStagingCompile"/>
    <conf name="testStagingApiDependenciesMetadata" visibility="private" extends="testStagingApi"/>
    <conf name="testStagingCompile" visibility="private"/>
    <conf name="testStagingCompileOnly" visibility="private" extends="testStagingProvided"/>
    <conf name="testStagingCompileOnlyDependenciesMetadata" visibility="private" extends="testStagingCompileOnly"/>
    <conf name="testStagingImplementation" visibility="private" extends="testStagingApi"/>
    <conf name="testStagingImplementationDependenciesMetadata" visibility="private" extends="testStagingImplementation"/>
    <conf name="testStagingProvided" visibility="private"/>
    <conf name="testStagingPublish" visibility="private"/>
    <conf name="testStagingRuntimeOnly" visibility="private" extends="testStagingPublish"/>
    <conf name="testStagingRuntimeOnlyDependenciesMetadata" visibility="private" extends="testStagingRuntimeOnly"/>
    <conf name="testStagingWearApp" visibility="private"/>
    <conf name="testWearApp" visibility="private"/>
    <conf name="wearApp" visibility="private"/>
  </configurations>
  <publications>
    <artifact name="analytics" type="aar" ext="aar" conf="archives,default"/>
  </publications>
  <dependencies>
    <dependency org="com.android.tools.build" name="aapt2" rev="3.2.1-4818971" conf="_internal_aapt2_binary-&gt;default">
      <artifact name="aapt2" type="jar" ext="jar" m:classifier="linux" conf="_internal_aapt2_binary"/>
    </dependency>
    <dependency org="androidx.work" name="work-runtime" rev="2.1.0" conf="api-&gt;default"/>
    <dependency org="androidx.room" name="room-runtime" rev="2.1.0" conf="api-&gt;default"/>
    <dependency org="org.jetbrains.kotlin" name="kotlin-android-extensions-runtime" rev="1.3.31" conf="implementation-&gt;default"/>
    <dependency org="com.mixpanel.android" name="mixpanel-android" rev="5.6.1" conf="implementation-&gt;default"/>
    <dependency org="com.jakewharton.timber" name="timber" rev="4.7.1" conf="implementation-&gt;default"/>
    <dependency org="com.google.firebase" name="firebase-core" rev="16.0.9" conf="implementation-&gt;default"/>
    <dependency org="com.google.firebase" name="firebase-messaging" rev="18.0.0" conf="implementation-&gt;default"/>
    <dependency org="com.squareup.okhttp3" name="okhttp" rev="3.12.0" conf="implementation-&gt;default"/>
    <dependency org="com.squareup.okhttp3" name="logging-interceptor" rev="3.9.1" conf="implementation-&gt;default"/>
    <dependency org="com.squareup.retrofit2" name="retrofit" rev="2.5.0" conf="implementation-&gt;default"/>
    <dependency org="com.squareup.retrofit2" name="adapter-rxjava2" rev="2.5.0" conf="implementation-&gt;default"/>
    <dependency org="com.squareup.retrofit2" name="converter-gson" rev="2.5.0" conf="implementation-&gt;default"/>
    <dependency org="io.reactivex.rxjava2" name="rxjava" rev="2.2.8" conf="implementation-&gt;default"/>
    <dependency org="io.reactivex.rxjava2" name="rxandroid" rev="2.1.1" conf="implementation-&gt;default"/>
    <dependency org="com.google.android.gms" name="play-services-awareness" rev="16.0.0" conf="implementation-&gt;default"/>
    <dependency org="androidx.work" name="work-runtime-ktx" rev="2.1.0" conf="implementation-&gt;default"/>
    <dependency org="org.jetbrains.kotlin" name="kotlin-stdlib-jdk7" rev="1.3.31" conf="implementation-&gt;default"/>
    <dependency org="androidx.room" name="room-ktx" rev="2.1.0" conf="implementation-&gt;default"/>
    <dependency org="org.jetbrains.kotlinx" name="kotlinx-coroutines-core" rev="1.1.1" conf="implementation-&gt;default"/>
    <dependency org="org.jetbrains.kotlinx" name="kotlinx-coroutines-rx2" rev="1.1.1" conf="implementation-&gt;default"/>
    <dependency org="androidx.room" name="room-compiler" rev="2.1.0" conf="kapt-&gt;default"/>
    <dependency org="org.jetbrains.kotlin" name="kotlin-compiler-embeddable" rev="1.3.31" conf="kotlinCompilerClasspath-&gt;default"/>
    <dependency org="org.jetbrains.kotlin" name="kotlin-android-extensions" rev="1.3.31" conf="kotlinCompilerPluginClasspath-&gt;default"/>
    <dependency org="org.jetbrains.kotlin" name="kotlin-annotation-processing-gradle" rev="1.3.31" conf="kotlinCompilerPluginClasspath-&gt;default"/>
    <dependency org="org.jetbrains.kotlin" name="kotlin-annotation-processing-gradle" rev="1.3.31" conf="kotlinKaptWorkerDependencies-&gt;default"/>
    <dependency org="com.android.tools.lint" name="lint-gradle" rev="26.2.1" conf="lintClassPath-&gt;default"/>
  </dependencies>
</ivy-module>
